<?xml version="1.0" encoding="UTF-8"?>
<!DOCTYPE cache PUBLIC "-//GemStone Systems, Inc.//GemFire Declarative Cache 8.0//EN" "http://www.gemstone.com/dtd/cache8_0.dtd">
<cache>
  <region name="CalculatorRegion">
    <region-attributes data-policy="partition">
      <key-constraint>java.lang.Long</key-constraint>
      <value-constraint>java.lang.Long</value-constraint>
      <cache-loader>
        <class-name>io.pivotal.example.SpringGemFireApplication$CalculatorCacheLoader</class-name>
      </cache-loader>
    </region-attributes>
  </region>
</cache>
