<?xml version="1.0" encoding="UTF-8"?>
<!DOCTYPE cache PUBLIC "-//GemStone Systems, Inc.//GemFire Declarative Cache 8.0//EN" "http://www.gemstone.com/dtd/cache8_0.dtd">
<cache>
  <!-- Add Region Elements Here -->
  <region name="ClusterConfigRegionOne">
    <region-attributes data-policy="partition">
      <key-constraint>java.lang.Long</key-constraint>
      <value-constraint>java.lang.String</value-constraint>
    </region-attributes>
  </region>
  <region name="ClusterConfigRegionTwo">
    <region-attributes data-policy="partition">
      <key-constraint>java.lang.Long</key-constraint>
      <value-constraint>java.lang.String</value-constraint>
    </region-attributes>
  </region>
</cache>
